{
    "identityPoolName": "lineclone7ec4df0d_identitypool_7ec4df0d",
    "allowUnauthenticatedIdentities": false,
    "resourceNameTruncated": "linecl7ec4df0d",
    "userPoolName": "lineclone7ec4df0d_userpool_7ec4df0d",
    "autoVerifiedAttributes": [
        "email"
    ],
    "mfaConfiguration": "OFF",
    "mfaTypes": [
        "SMS Text Message"
    ],
    "smsAuthenticationMessage": "Your authentication code is {####}",
    "smsVerificationMessage": "Your verification code is {####}",
    "emailVerificationSubject": "Your verification code",
    "emailVerificationMessage": "Your verification code is {####}",
    "defaultPasswordPolicy": false,
    "passwordPolicyMinLength": 8,
    "passwordPolicyCharacters": [],
    "requiredAttributes": [
        "email"
    ],
    "aliasAttributes": [
        "email",
        "phone_number"
    ],
    "userpoolClientGenerateSecret": false,
    "userpoolClientRefreshTokenValidity": 30,
    "userpoolClientWriteAttributes": [
        "email"
    ],
    "userpoolClientReadAttributes": [
        "email"
    ],
    "userpoolClientLambdaRole": "linecl7ec4df0d_userpoolclient_lambda_role",
    "userpoolClientSetAttributes": false,
    "sharedId": "7ec4df0d",
    "resourceName": "lineclone7ec4df0d7ec4df0d",
    "authSelections": "identityPoolAndUserPool",
    "authRoleArn": {
        "Fn::GetAtt": [
            "AuthRole",
            "Arn"
        ]
    },
    "unauthRoleArn": {
        "Fn::GetAtt": [
            "UnauthRole",
            "Arn"
        ]
    },
    "useDefault": "manual",
    "thirdPartyAuth": false,
    "userPoolGroups": true,
    "adminQueries": false,
    "triggers": "{\n  \"PostConfirmation\": [\n    \"custom\"\n  ]\n}",
    "hostedUI": false,
    "userPoolGroupList": [
        "Admin"
    ],
    "serviceName": "Cognito",
    "usernameCaseSensitive": false,
    "parentStack": {
        "Ref": "AWS::StackId"
    },
    "authTriggerConnections": "[\n  {\n    \"triggerType\": \"PostConfirmation\",\n    \"lambdaFunctionName\": \"lineclone7ec4df0d7ec4df0dPostConfirmation\"\n  }\n]",
    "breakCircularDependency": true,
    "permissions": [],
    "dependsOn": [
        {
            "category": "function",
            "resourceName": "lineclone7ec4df0d7ec4df0dPostConfirmation",
            "triggerProvider": "Cognito",
            "attributes": [
                "Arn",
                "Name"
            ]
        }
    ]
}