{
  "providers": {
    "awscloudformation": {
      "AuthRoleName": "amplify-lineclone-dev-152718-authRole",
      "UnauthRoleArn": "arn:aws:iam::804496066645:role/amplify-lineclone-dev-152718-unauthRole",
      "AuthRoleArn": "arn:aws:iam::804496066645:role/amplify-lineclone-dev-152718-authRole",
      "Region": "ap-southeast-1",
      "DeploymentBucketName": "amplify-lineclone-dev-152718-deployment",
      "UnauthRoleName": "amplify-lineclone-dev-152718-unauthRole",
      "StackName": "amplify-lineclone-dev-152718",
      "StackId": "arn:aws:cloudformation:ap-southeast-1:804496066645:stack/amplify-lineclone-dev-152718/cda18530-f4fd-11eb-99e9-06c22f93d630",
      "AmplifyAppId": "d2btm0hwj8nguw",
      "AuthTriggerTemplateURL": "https://s3.amazonaws.com/amplify-lineclone-dev-152718-deployment/amplify-cfn-templates/auth/auth-trigger-cloudformation-template.json"
    }
  },
  "function": {
    "lineclone7ec4df0d7ec4df0dPostConfirmation": {
      "build": true,
      "providerPlugin": "awscloudformation",
      "service": "Lambda",
      "lastBuildTimeStamp": "2021-08-04T09:03:23.431Z",
      "lastPackageTimeStamp": "2021-08-04T09:03:23.607Z",
      "distZipFilename": "lineclone7ec4df0d7ec4df0dPostConfirmation-4950515958756738546a-build.zip",
      "s3Bucket": {
        "deploymentBucketName": "amplify-lineclone-dev-152718-deployment",
        "s3Key": "amplify-builds/lineclone7ec4df0d7ec4df0dPostConfirmation-4950515958756738546a-build.zip"
      },
      "providerMetadata": {
        "s3TemplateURL": "https://s3.amazonaws.com/amplify-lineclone-dev-152718-deployment/amplify-cfn-templates/function/lineclone7ec4df0d7ec4df0dPostConfirmation-cloudformation-template.json",
        "logicalId": "functionlineclone7ec4df0d7ec4df0dPostConfirmation"
      },
      "lastPushTimeStamp": "2021-08-04T10:09:06.748Z",
      "output": {
        "Region": "ap-southeast-1",
        "Arn": "arn:aws:lambda:ap-southeast-1:804496066645:function:lineclone7ec4df0d7ec4df0dPostConfirmation-dev",
        "Name": "lineclone7ec4df0d7ec4df0dPostConfirmation-dev",
        "LambdaExecutionRole": "lineclone7ec4df0d7ec4df0dPostConfirmation-dev"
      },
      "lastPushDirHash": "KLQxPxyDLtu9tk+EDV4e8bobO5c="
    }
  },
  "auth": {
    "userPoolGroups": {
      "service": "Cognito-UserPool-Groups",
      "providerPlugin": "awscloudformation",
      "dependsOn": [
        {
          "category": "auth",
          "resourceName": "lineclone7ec4df0d7ec4df0d",
          "attributes": [
            "UserPoolId",
            "AppClientIDWeb",
            "AppClientID",
            "IdentityPoolId"
          ]
        }
      ],
      "providerMetadata": {
        "s3TemplateURL": "https://s3.amazonaws.com/amplify-lineclone-dev-152718-deployment/amplify-cfn-templates/auth/template.json",
        "logicalId": "authuserPoolGroups"
      },
      "lastPushTimeStamp": "2021-08-04T10:09:06.753Z",
      "output": {
        "AdminGroupRole": "arn:aws:iam::804496066645:role/ap-southeast-1_xFHPzBmWV-AdminGroupRole"
      },
      "lastPushDirHash": "+1MlWVL7fju0FokOI4HuOqYdIDY="
    },
    "lineclone7ec4df0d7ec4df0d": {
      "service": "Cognito",
      "providerPlugin": "awscloudformation",
      "dependsOn": [
        {
          "category": "function",
          "resourceName": "lineclone7ec4df0d7ec4df0dPostConfirmation",
          "triggerProvider": "Cognito",
          "attributes": [
            "Arn",
            "Name"
          ]
        }
      ],
      "customAuth": false,
      "providerMetadata": {
        "s3TemplateURL": "https://s3.amazonaws.com/amplify-lineclone-dev-152718-deployment/amplify-cfn-templates/auth/lineclone7ec4df0d7ec4df0d-cloudformation-template.yml",
        "logicalId": "authlineclone7ec4df0d7ec4df0d"
      },
      "lastPushTimeStamp": "2021-08-04T10:09:06.755Z",
      "output": {
        "UserPoolId": "ap-southeast-1_xFHPzBmWV",
        "AppClientIDWeb": "5s0vo2j4js1td0d0lgeoe34qib",
        "AppClientID": "4vj9hhj2r8f4bf57to1r8ros83",
        "IdentityPoolId": "ap-southeast-1:926904a1-92c3-42bf-970e-818340868802",
        "UserPoolArn": "arn:aws:cognito-idp:ap-southeast-1:804496066645:userpool/ap-southeast-1_xFHPzBmWV",
        "IdentityPoolName": "lineclone7ec4df0d_identitypool_7ec4df0d__dev",
        "UserPoolName": "lineclone7ec4df0d_userpool_7ec4df0d"
      },
      "lastPushDirHash": "3+r0Voucagfby57wytTLLkYnPbE="
    }
  },
  "api": {
    "lineclone": {
      "service": "AppSync",
      "providerPlugin": "awscloudformation",
      "output": {
        "authConfig": {
          "defaultAuthentication": {
            "authenticationType": "AMAZON_COGNITO_USER_POOLS",
            "userPoolConfig": {
              "userPoolId": "authlineclone7ec4df0d7ec4df0d"
            }
          },
          "additionalAuthenticationProviders": []
        },
        "GraphQLAPIIdOutput": "yjxrj3sicjcdfbgafy43in5xc4",
        "GraphQLAPIEndpointOutput": "https://spumiaqt4zc7vjv4frbpamq65e.appsync-api.ap-southeast-1.amazonaws.com/graphql"
      },
      "providerMetadata": {
        "s3TemplateURL": "https://s3.amazonaws.com/amplify-lineclone-dev-152718-deployment/amplify-cfn-templates/api/cloudformation-template.json",
        "logicalId": "apilineclone"
      },
      "lastPushTimeStamp": "2021-08-04T10:09:09.513Z",
      "lastPushDirHash": "wfo5sQBJHi7+HUQHLifQk9WOvM8="
    }
  }
}